,Title,Published_date,Views,Likes,Comments,Month
0,Why I'm Making an Emo Neopets,2021-12-21,48222,3492,240,Dec
1,Why You Should Quit Your Project,2021-12-14,79331,3975,200,Dec
2,Coding The Next Pokemon,2021-12-10,99222,6739,399,Dec
3,Coding Interview with Dan Abramov,2021-12-02,312913,10857,990,Dec
4,I Got Roasted By Vox,2021-11-17,161192,7642,336,Nov
5,Why I'm Moving to a Boring City,2021-11-16,104130,4995,274,Nov
6,Iâ€™m leaving my startup.,2021-10-07,141864,7003,588,Oct
7,I Coded My First Invite Only App,2021-09-08,152322,8362,521,Sep
8,Handling The Business Side,2021-08-04,207612,11175,519,Aug
9,Fired My Designer,2021-07-15,172758,8965,920,Jul
10,Coding the Next Discord - 32 days in,2021-07-07,136002,8612,866,Jul
11,App Design Gone Wrong,2021-06-30,145058,9425,974,Jun
12,My Next Startup is NOT a Joke,2021-06-17,172052,12405,677,Jun
13,Intermediate React.js Coding Interview (ft. ClÃ©ment Mihailescu),2021-06-10,202235,6069,435,Jun
14,Speedrunning AP CS Principles Exam,2021-06-02,135933,3517,401,Jun
15,Should You Open Source Your Startup?,2021-05-26,96395,6526,322,May
16,I'm Done with DogeHouse,2021-05-19,178268,11031,752,May
17,I Got Rejected from Y Combinator,2021-05-12,143617,8521,399,May
18,Coding IP Bans,2021-05-05,116259,7729,575,May
19,Facebook Stole My Idea,2021-04-26,150567,10794,675,Apr
20,"39 Days Later the New Design is ""Done""",2021-04-19,114403,7166,374,Apr
21,My Website is More Responsive Than Yours,2021-04-09,185902,10373,601,Apr
22,Did Discord Stages Just Kill DogeHouse?,2021-04-04,96745,8680,533,Apr
23,I Love Angular.js,2021-04-01,110220,9682,737,Apr
24,Redesigning the Entire Website,2021-03-26,122728,7295,407,Mar
25,Open Source Growing Pains,2021-03-19,79190,6269,357,Mar
26,Coding the Next Facebook - 53 days in,2021-03-12,310899,15583,932,Mar
27,A Day in the Life of an Open Source Developer,2021-03-05,141044,12648,486,Mar
28,How DogeHouse will Scale to the Moon ðŸš€,2021-02-26,124402,6472,360,Feb
29,VSCode Clubhouse,2021-02-12,142077,8019,578,Feb
30,How to Google - You Suck at Coding [2],2021-02-05,88616,5494,287,Feb
31,Inverting Binary Trees - You Suck at Coding [1],2021-01-22,291898,15796,806,Jan
32,StripCode,2021-01-15,81374,3939,255,Jan
33,Speedrunning AP CS Exam,2021-01-08,272824,6641,661,Jan
34,Technologies I'm Learning in 2021,2021-01-04,225454,8787,1179,Jan
35,How to Code a VSCode Extension,2020-12-30,190843,4913,274,Dec
36,VSCode Tinder got DDoS'd,2020-12-16,191340,10156,615,Dec
37,VSCode Tinder,2020-12-09,303536,18693,1457,Dec
38,Beginner React.js Coding Interview (ft. ClÃ©ment Mihailescu),2020-11-20,1119237,27295,1390,Nov
39,I Sold VSCode Stories,2020-11-13,243535,13904,647,Nov
40,Introducing VSCode Stories,2020-10-30,304293,18180,1207,Oct
41,I don't *want* to use React Native,2020-10-23,116292,6386,594,Oct
42,Serverless Doesn't Make Sense,2020-10-15,245715,8339,954,Oct
43,Programmer Explains Programming Memes,2020-10-09,438750,20284,1016,Oct
44,Going Mini Viral on TikTok as a Programmer,2020-10-05,168470,7168,278,Oct
45,Trying Svelte for the 3rd Time,2020-10-02,120837,4091,353,Oct
46,Is New Reddit Really That Slow?,2020-09-25,69575,2869,238,Sep
47,Should You Stop Using React,2020-09-21,145128,5603,728,Sep
48,Google Knows Best,2020-09-18,157138,6540,483,Sep
49,Trying Vue.js for the First Time,2020-09-14,247027,8237,839,Sep
50,React 17,2020-09-11,76256,2628,203,Sep
51,programming memes,2020-09-07,217993,10571,426,Sep
52,TypeScript 4.0,2020-09-02,139287,5516,396,Sep
53,FizzBuzz - You Suck at Coding [0],2020-08-28,319742,16119,1036,Aug
54,Fullstack React GraphQL TypeScript Tutorial,2020-08-20,839874,29077,2012,Aug
55,The Best Beginner Programming Language,2020-08-07,48748,2285,348,Aug
56,The State of State Management in React,2020-07-31,87323,3465,456,Jul
57,What GPT-3 Means for Developers,2020-07-24,140278,7287,902,Jul
58,Preparing Her for FAANG,2020-07-21,57851,2031,276,Jul
59,Angular.js Got Me in Trouble,2020-07-18,104661,3956,660,Jul
60,Teaching an E-Girl How to Code,2020-07-16,108870,4969,511,Jul
61,What do I think of Competitive Programming | Q&A,2020-07-10,110994,5297,258,Jul
62,How to Open Source Like a Pro,2020-07-03,370423,16536,711,Jul
63,"Software Engineering ""Best Practices""",2020-06-26,391313,15768,784,Jun
64,Why I don't work for FAANG,2020-06-19,594790,24731,1349,Jun
65,The Drawback of Client Side Rendering,2020-06-12,145614,6169,446,Jun
66,Angular.js Most Dreaded Framework of 2020 | StackOverflow Survey,2020-06-05,202006,8041,859,Jun
67,The Modern Web,2020-05-29,195944,6951,583,May
68,Coding the Ultimate Unit Converter for Cooking,2020-05-22,28268,1093,120,May
69,Learn Node.js Before Deno,2020-05-15,46900,1902,311,May
70,Deno is Coming,2020-05-08,151240,6003,703,May
71,The Problem with Live Streaming Code,2020-05-01,142188,5578,390,May
72,Hackathons are Dumb,2020-04-24,188331,7935,484,Apr
73,Prisma 2 Beta,2020-04-17,40511,1124,170,Apr
74,Coding Interviews are Broken,2020-04-13,1466334,69844,3941,Apr
75,Why TypeScript is Actually Good,2020-04-06,121985,4250,395,Apr
76,I'm done with TypeScript,2020-04-01,150193,4285,561,Apr
77,Parallel Processing for Faster Deployments,2020-03-27,40165,1166,107,Mar
78,Next.js Static Site Generation (SSG) Tutorial,2020-03-24,62013,1746,140,Mar
79,Coding an Annual SaaS Subscription,2020-03-19,35090,896,103,Mar
80,Next.js Static Site Generation (SSG),2020-03-12,53674,1561,155,Mar
81,patch-package | Fix broken node modules instantly,2020-03-10,20306,947,58,Mar
82,Facebook is NOT Killing React Native | Project LightSpeed,2020-03-04,44775,1278,156,Mar
83,React Navigation v5 Tutorial,2020-02-27,85959,2029,179,Feb
84,"Lambda School: The Good, The Bad, and The Ugly",2020-02-20,78046,2140,253,Feb
85,Prettier for File Structures,2020-02-14,45059,1732,172,Feb
86,Why React Native is NOT garbage.,2020-02-06,422943,13025,1102,Feb
87,Yarn v2 (Berry),2020-02-04,44020,1139,138,Feb
88,The Downfall of Actix Web,2020-01-30,169503,4456,578,Jan
89,React Apollo State Management Best Practices,2020-01-23,37475,1013,93,Jan
90,Combining Gatsby with Create React App,2020-01-20,20866,560,71,Jan
91,SQL Tutorial for Beginners,2020-01-14,33698,1228,99,Jan
92,Benchmarking GraphQL Node.js Servers,2020-01-06,37828,1067,162,Jan
93,My GraphQL Performance Problem,2020-01-02,41762,1219,125,Jan
94,Technologies I'm Learning in 2020,2019-12-30,95807,2207,323,Dec
95,How to Implement a Hash Table in JavaScript,2019-12-23,63054,2118,156,Dec
96,What is JAMStack?,2019-12-19,61252,2030,100,Dec
97,GraphQL N+1 Problem,2019-12-16,84627,3055,198,Dec
98,How to Become a Web Developer in 2020,2019-12-12,396367,15721,616,Dec
99,What NOT to Buy a Programmer for Christmas,2019-12-09,18315,765,116,Dec
100,Where to Host a Fullstack Project on a Budget,2019-12-04,237452,8100,408,Dec
101,GraphQL Typescript Authentication Boilerplate,2019-11-25,13050,329,85,Nov
102,Typescript GraphQL CRUD Tutorial,2019-11-18,51465,1284,145,Nov
103,React Hooks Project Tutorial - Game of Life,2019-11-14,40876,1325,167,Nov
104,How to Configure Vim like VSCode,2019-11-11,558503,10155,620,Nov
105,Formik 2 Tutorial | React Forms,2019-11-07,107543,2822,233,Nov
106,React Animated Sidebar Code Review,2019-11-04,17588,235,31,Nov
107,First Look at React useDeferredValue Hook,2019-11-01,10874,244,35,Nov
108,First Look at React Suspense List,2019-10-31,10049,401,39,Oct
109,First Look at React useTransition Hook,2019-10-30,35540,674,67,Oct
110,React Suspense Error Handling and Post Requests,2019-10-29,22009,363,14,Oct
111,First Look at React Suspense for Data Fetching,2019-10-28,77076,1875,124,Oct
112,Guide to the GraphQL Ecosystem,2019-10-24,51388,1814,109,Oct
113,Javascript Fatigue,2019-10-21,71955,3347,176,Oct
114,How to Share Code Between React and React Native,2019-10-17,30586,708,44,Oct
115,React Form Best Practices,2019-10-14,27474,797,79,Oct
116,Never use an ORM,2019-10-10,40895,1094,138,Oct
117,Should you Implement Authentication Yourself?,2019-10-07,97069,2864,200,Oct
118,Next.js SSR Refresh Tokens,2019-10-03,22517,405,86,Oct
119,Why I Stopped using Service Workers,2019-09-30,67234,1650,145,Sep
120,Gatsby Dynamic App Tutorial,2019-09-26,42967,1209,117,Sep
121,Why LocalStorage is Vulnerable to XSS (and cookies are too),2019-09-23,73917,2195,238,Sep
122,JWT Authentication Node.js Tutorial with GraphQL and React,2019-09-19,201135,5513,523,Sep
123,How to Store JWT for Authentication,2019-09-12,141600,3008,230,Sep
124,Thoughts on Gatsby,2019-09-09,11697,284,49,Sep
125,React Typescript Tutorial,2019-09-05,403769,10531,353,Sep
126,Docker Tutorial for Beginners,2019-09-02,22970,991,73,Sep
127,React Router Tutorial,2019-08-29,42458,1143,98,Aug
128,Typescript Generics Tutorial,2019-08-26,127495,4700,160,Aug
129,GraphQL vs REST for Side Projects,2019-08-22,74449,1897,91,Aug
130,Ranking Hosting Providers for React Projects,2019-08-19,31863,793,115,Aug
131,Will Flutter Kill React Native?,2019-08-15,69158,1731,275,Aug
132,Typescript vs Javascript,2019-08-12,143893,2743,200,Aug
133,Vim Tutorial,2019-08-08,364502,10445,527,Aug
134,Beginner Vim Walkthrough,2019-08-05,30745,1022,83,Aug
135,Why I'm a Better Developer than You,2019-08-04,253896,7603,581,Aug
136,Big O Notation,2019-08-03,34580,1459,78,Aug
137,What you need to know about Decorators,2019-08-02,25979,582,44,Aug
138,How to Cache Static Content with CloudFlare,2019-08-01,19692,442,46,Aug
139,Why I don't use AWS AppSync,2019-07-31,25502,399,61,Jul
140,Drag and Drop List in React Native with Reanimated and RecyclerListView,2019-07-30,13740,164,30,Jul
141,Introduction to RecyclerListView in React Native,2019-07-29,8257,128,20,Jul
142,Introduction to Reanimated in React Native,2019-07-28,36770,626,29,Jul
143,React Native FlatList Scroll to Offset,2019-07-27,22611,299,25,Jul
144,Computing FlatList Indexes in React Native,2019-07-26,7516,136,24,Jul
145,Drag and Drop in React Native with PanResponder,2019-07-25,33086,346,34,Jul
146,Next.js vs Gatsby for SEO,2019-07-03,34957,1211,87,Jul
147,React Hooks Tutorial,2019-07-02,187934,4561,150,Jul
148,Classic WoW Builds - New Project Tech Stack,2019-07-01,5810,198,72,Jul
149,Next.js Persist State with Cookies,2019-06-30,26009,692,55,Jun
150,React Hooks useContext Tutorial (Storing a User),2019-06-29,196821,5015,284,Jun
151,React Hooks useReducer Tutorial,2019-06-28,73733,1871,90,Jun
152,React Hooks useMemo Tutorial,2019-06-27,63447,1353,74,Jun
153,React Hooks useCallback Tutorial,2019-06-26,94080,2273,104,Jun
154,React Hooks useLayoutEffect Tutorial,2019-06-25,36729,826,46,Jun
155,React Hooks useRef Tutorial,2019-06-24,76367,1453,55,Jun
156,React Hooks useEffect Tutorial,2019-06-23,136544,3127,162,Jun
157,React Hooks useState Tutorial,2019-06-22,101152,2038,140,Jun
158,Using Typescript in Node.js,2019-06-21,93832,1997,97,Jun
159,How to Debug Cookies When They Don't Work,2019-06-20,2593,100,25,Jun
160,How to use MongoDB and PostgreSQL in GraphQL,2019-06-19,14379,315,13,Jun
161,How to Setup Custom Domains and Subdomains,2019-06-18,28157,380,23,Jun
162,How to use the React Profiler to find and fix Performance Problems,2019-06-17,72282,2098,58,Jun
163,How to Time Performance of GraphQL Resolvers,2019-06-16,2105,69,6,Jun
164,How I like to Write Integration Tests in React,2019-06-15,45782,1040,46,Jun
165,How to Automatically Mock your React Apollo Tests,2019-06-14,8075,129,25,Jun
166,How to Prevent Double Requesting a Mutation in React Apollo,2019-06-13,2537,71,16,Jun
167,Should I Include Token Theft Prevention in my Auth Library?,2019-06-12,2078,51,11,Jun
168,"My Thoughts on ""The best way to securely manage user sessions""",2019-06-11,4399,105,51,Jun
169,How to Handle Top Level Errors in React Apollo,2019-06-10,6794,115,25,Jun
170,Memoizing Tic Tac Toe in React with useReducer,2019-06-09,5230,216,25,Jun
171,How to Share Validation between React.js and Node.js with Yup,2019-06-08,10054,213,11,Jun
172,React Apollo Yarn Workspace Example,2019-06-07,7063,134,22,Jun
173,useState or useReducer in React,2019-06-06,18760,711,37,Jun
174,My Thoughts on Apollo Federation for GraphQL Microservices,2019-06-05,14062,296,28,Jun
175,How to Publish a NPM Package,2019-06-04,19544,399,24,Jun
176,How to make a CLI in Node.js with Inquirer,2019-06-03,21008,339,30,Jun
177,How to Get the Current User in React from JWT in Cookie,2019-06-02,35117,319,21,Jun
178,Adding Custom Styles in Slate.js,2019-06-01,10394,131,20,Jun
179,Live Editing in Groups with React Router,2019-05-31,3760,74,7,May
180,Automatically Saving Slate.js Editor,2019-05-30,5731,89,13,May
181,Real Time Data Sending with SocketIO,2019-05-29,87693,1120,58,May
182,Slate.js Syncing Operations with an Event Emitter,2019-05-28,9625,150,10,May
183,Mini Google Docs Clone in React - Intro,2019-05-27,31347,507,33,May
184,How to Upload a File to Google Cloud Storage in Node.js,2019-05-26,61338,895,87,May
185,How to Upload a File to Apollo Server in React,2019-05-25,15746,297,35,May
186,Redux or Context in React,2019-05-24,59044,1397,54,May
187,How to use memo in React to Optimize Renders,2019-05-23,48034,2029,134,May
188,How to use Eslint with Typescript,2019-05-22,26485,483,15,May
189,React Hooks Closure Problems,2019-05-21,15725,663,49,May
190,React.js Meme Generator Tutorial,2019-05-20,11675,248,21,May
191,SQL Subquery Example,2019-05-11,2293,54,9,May
192,How to Rate Limit GraphQL Resolvers,2019-05-10,4310,108,19,May
193,How to Call a Flask API in React,2019-05-09,83676,1264,75,May
194,How to Create a VSCode Extension,2019-05-08,16044,508,46,May
195,CRUD Operations on Multiple Tables - TypeORM,2019-05-07,37237,614,37,May
196,VSCode Integrated Docs,2019-05-06,2236,62,6,May
197,WebP Images Don't Work in React Native iOS,2019-05-05,2115,47,9,May
198,Where to Host a Node Server and PostgreSQL Database,2019-05-04,27354,470,71,May
199,"Should you use Sequelize, TypeORM, or Prisma 1?",2019-05-03,77622,1546,115,May
200,GraphQL Refresh and Invalidate JWTs,2019-05-02,10478,198,27,May
201,GraphQL JWT Authentication Implementation,2019-05-01,35292,430,44,May
202,GraphQL JWT Refresh Token Authentication Overview,2019-04-30,18538,233,21,Apr
203,Does GraphQL Impact Performance?,2019-04-29,7969,184,16,Apr
204,When to Learn New Technologies,2019-04-28,3027,117,18,Apr
205,GraphQL Unions Tutorial,2019-04-27,6630,147,23,Apr
206,JWTs are not Required for Authentication in Apps,2019-04-26,3015,128,10,Apr
207,React Persist State to LocalStorage with useEffect,2019-04-25,31906,756,66,Apr
208,React Reorder Rows,2019-04-24,7175,111,22,Apr
209,React Dynamically Create Drag and Drop Containers,2019-04-23,6605,73,6,Apr
210,React Drag and Drop - Multiple Horizontal Lists,2019-04-22,39713,512,33,Apr
211,Why I haven't been using JWT tokens for Authentication,2019-04-21,45416,989,167,Apr
212,Tips for using Chrome DevTools,2019-04-20,4372,168,5,Apr
213,React Native CLI vs Expo,2019-04-19,72530,1157,90,Apr
214,How to add Authentication to your GraphQL Subscriptions,2019-04-18,7292,137,29,Apr
215,Basic Table in React using Material UI,2019-04-17,40382,384,27,Apr
216,React Typescript Material UI Form,2019-04-16,40237,495,59,Apr
217,What I Coded this Week,2019-04-15,2260,79,24,Apr
218,Build a GraphQL Server with NestJS and MongoDB,2019-04-14,53552,935,98,Apr
219,TypeORM Caching,2019-04-13,6604,133,18,Apr
220,Build a GraphQL Server with Node.js and MongoDB,2019-04-12,67558,1545,133,Apr
221,How to Scrape a Website using Inspect Element and Python,2019-04-11,34354,492,59,Apr
222,Google Cloud Authentication Node.js Heroku,2019-04-10,3274,74,25,Apr
223,Handling User Uploaded Images in Web Applications,2019-04-09,4965,112,32,Apr
224,Node.js Reduce Image Size,2019-04-08,18870,314,47,Apr
225,Single GraphQL Server with Multiple Endpoints and Databases,2019-04-07,7132,106,14,Apr
226,React State Updater Function,2019-04-06,4290,128,24,Apr
227,React Formik Field Array,2019-04-05,16874,288,47,Apr
228,React Form Array Data,2019-04-04,31187,446,46,Apr
229,How to Google Search Error Messages,2019-04-03,2961,130,17,Apr
230,Are Coding Bootcamps Worth it?,2019-04-02,10853,315,50,Apr
231,I'm done with React (emotional),2019-04-01,18790,464,115,Apr
232,10 Newbie Programming Mistakes,2019-03-31,292529,9867,468,Mar
233,React Native vs. Flutter,2019-03-30,31075,640,114,Mar
234,My First Flutter App - Pain Points,2019-03-29,5069,89,38,Mar
235,Connection Directive for Paginated Lists in Apollo,2019-03-28,2854,85,19,Mar
236,"Infinite Scrolling with React Waypoint, Apollo, and Material UI",2019-03-27,14128,302,36,Mar
237,How to Update the Apollo Cache After a Mutation,2019-03-26,25764,563,79,Mar
238,Why I Don't Like Machine Learning,2019-03-25,233131,6577,843,Mar
239,Ask Devs: Should you Start a Startup?,2019-03-24,6478,239,19,Mar
240,Dependency Injection TypeGraphQL,2019-03-23,8192,158,34,Mar
241,Are you a Copy Paste Developer?,2019-03-22,22069,831,94,Mar
242,Learning Flutter Forms with rxdart,2019-03-21,9452,134,34,Mar
243,Normalizing Data from Multiple APIs in GraphQL,2019-03-20,5313,166,22,Mar
244,Initial Thoughts on Flutter,2019-03-19,11399,225,65,Mar
245,Inside the Mind of a College Student,2019-03-18,14306,397,43,Mar
246,4 Ways you can Level up as a Developer,2019-03-17,14164,629,42,Mar
247,Database Design for YouTube Subscriptions,2019-03-16,2356,91,12,Mar
248,CircleCI Monorepos,2019-03-15,5159,101,14,Mar
249,Notification System Architecture,2019-03-14,26826,423,54,Mar
250,CircleCI Test Node.js with Database and Build Docker Image,2019-03-13,12398,127,15,Mar
251,Intro to CircleCI with React,2019-03-12,15538,358,28,Mar
252,How to Pick a Framework,2019-03-11,2865,109,59,Mar
253,Canon G7X Mark II Test,2019-03-10,1831,93,22,Mar
254,Full Text Search PostgreSQL,2019-03-09,35758,1233,105,Mar
255,How to Update NPM Dependencies,2019-03-08,13520,277,21,Mar
256,How to Add Git to an Existing Project,2019-03-07,3403,135,13,Mar
257,VS Code Pro Tips and Tricks,2019-03-06,28693,743,37,Mar
258,How Much do I Code Everyday,2019-03-05,4516,126,31,Mar
259,Apollo Link State in Less than 30 Minutes,2019-03-04,13062,299,40,Mar
260,How Apollo Server works with Express,2019-03-03,10099,247,23,Mar
261,Thoughts on Mobx After First Try,2019-03-02,6528,144,29,Mar
262,Deploy React Native Web to Netlify,2019-03-01,5874,81,34,Mar
263,Floating Action Button React Native Web,2019-02-28,3737,36,16,Feb
264,React Router Params in React Native Web,2019-02-27,1497,26,6,Feb
265,Storing and Displaying Workout History,2019-02-26,1566,28,16,Feb
266,How to Persist Mobx Stores,2019-02-25,5447,81,12,Feb
267,React Router with React Native Web,2019-02-24,4564,76,22,Feb
268,Workout Timer with Mobx,2019-02-23,2167,42,20,Feb
269,Mobx Root Store,2019-02-22,4726,60,13,Feb
270,Styling a Component in React Native Web,2019-02-21,3518,63,20,Feb
271,Navigation in React Native Web,2019-02-20,8657,85,23,Feb
272,How to use Mobx with React Hooks,2019-02-19,27341,365,60,Feb
273,Configuring React Native for Yarn Workspaces,2019-02-18,9615,156,53,Feb
274,Setting Up a React Native Web Monorepo,2019-02-17,15923,246,95,Feb
275,Setting Up React Native Hooks,2019-02-16,14305,181,46,Feb
276,Setting Up a React Native Web Project,2019-02-15,40014,525,60,Feb
277,Build Step vs Automatic Persisted Queries GraphQL,2019-02-14,2153,57,7,Feb
278,Dynamic GraphQL Queries and the Skip Directive,2019-02-13,3755,77,11,Feb
279,Why I don't use Apollo Link State,2019-02-12,7314,158,55,Feb
280,My Thoughts on The Unofficial React Apollo Hooks Library,2019-02-11,5021,147,41,Feb
281,Cascade Delete TypeORM,2019-02-10,9010,111,11,Feb
282,View Cookies with Chrome DevTools,2019-02-09,23272,214,23,Feb
283,The Folder Structure for Code Ponder,2019-02-08,2546,49,21,Feb
284,When Should You Use Gatsby?,2019-02-07,127865,4362,179,Feb
285,Should You Use React Native Web for Your Next Project?,2019-02-06,27977,506,62,Feb
286,Logout and Styled Components Next.js,2019-02-05,8438,111,35,Feb
287,Forgot Password Next.js,2019-02-04,3574,45,13,Feb
288,Authentication Errors Next.js,2019-02-03,4652,74,32,Feb
289,Login Next.js,2019-02-02,27135,210,11,Feb
290,Clean Urls in Next.js using Next Routes,2019-02-01,13609,136,46,Feb
291,Handling GraphQL Errors in Formik and Next.js,2019-01-31,4921,91,16,Jan
292,Formik Register Form Next.js,2019-01-30,12981,158,33,Jan
293,GraphQL Code Generator Next.js,2019-01-29,14414,175,59,Jan
294,Setting Up Apollo in Next.js,2019-01-28,34516,340,64,Jan
295,Setting Up Typescript Next.js Project,2019-01-27,54966,663,91,Jan
296,5 Applications I Use Everyday,2019-01-26,4798,133,34,Jan
297,Many to Many TypeORM Example,2019-01-25,18906,222,45,Jan
298,Why macOS is the Best for Software Development,2019-01-24,13581,273,99,Jan
299,How to Automatically Organize Imports in VSCode,2019-01-23,25984,436,37,Jan
300,How to Use Lerna,2019-01-22,62804,990,49,Jan
301,Introducing Compile Time,2019-01-21,1513,70,9,Jan
302,Query Complexity TypeGraphQL,2019-01-20,5895,169,40,Jan
303,File Uploads TypeGraphQL,2019-01-19,17826,291,110,Jan
304,Higher Order Resolvers TypeGraphQL,2019-01-18,7611,149,27,Jan
305,Testing Resolvers TypeGraphQL,2019-01-17,12350,178,36,Jan
306,Setting up a Test Environment TypeGraphQL,2019-01-16,9855,173,59,Jan
307,Logout TypeGraphQL,2019-01-15,5356,140,49,Jan
308,Forgot Password TypeGraphQL,2019-01-14,7334,190,30,Jan
309,Confirmation Email TypeGraphQL,2019-01-13,10017,226,40,Jan
310,Authorization TypeGraphQL,2019-01-12,13807,292,30,Jan
311,Login TypeGraphQL,2019-01-11,17103,270,127,Jan
312,Validation TypeGraphQL,2019-01-10,18262,327,84,Jan
313,Register Resolver TypeGraphQL,2019-01-09,26617,409,104,Jan
314,TypeGraphQL Setup,2019-01-08,50498,804,85,Jan
315,How To Get Started With Typescript,2019-01-07,7069,265,23,Jan
316,How GraphQL Subscriptions Work,2019-01-06,41598,745,87,Jan
317,How GraphQL Resolvers Work,2019-01-05,28296,540,15,Jan
318,GraphQL Basic Types,2019-01-04,22587,469,43,Jan
319,GraphQL Hello World,2019-01-03,28346,585,41,Jan
320,What GraphQL Server Should You Use?,2019-01-02,12642,325,62,Jan
321,The Best GraphQL Library You've Never Tried,2019-01-01,6812,214,37,Jan
322,4 Essential Developer Tools,2018-12-31,10342,327,43,Dec
323,3 Best Technologies to Learn as a Web Developer in 2019,2018-12-30,8836,263,33,Dec
324,Authentication Higher Order Component in Next.js,2018-12-29,29954,375,43,Dec
325,Basic Overview of Continuous Integration for Monorepos,2018-12-28,8691,158,24,Dec
326,How to Format Errors in GraphQL,2018-12-27,7853,156,14,Dec
327,How to Discover New Technologies as a Software Engineer,2018-12-23,2181,88,29,Dec
328,Refactoring into Components and Dealing with Timezones - Day 21,2018-12-22,1420,23,6,Dec
329,Fetch Code Review Posts - Day 20.0,2018-12-21,746,8,2,Dec
330,Reddit Style Listing - Day 20.2,2018-12-21,865,9,6,Dec
331,Logout Menu - Day 20.1,2018-12-21,689,6,1,Dec
332,Sign in with GitHub Button - Day 19.2,2018-12-20,597,6,4,Dec
333,Learning Rebass - Day 19.1,2018-12-20,3273,24,1,Dec
334,Picking a Repo for a Code Review - Day 19.0,2018-12-20,547,9,0,Dec
335,Creating Code Review Posts - Day 18,2018-12-19,635,6,5,Dec
336,Running into Problems with Next.js Routing - Day 17,2018-12-18,803,7,3,Dec
337,Coding a Card with Styled Components - Day 16,2018-12-17,1881,21,7,Dec
338,useRef Hook with Prism - Day 15,2018-12-16,722,9,0,Dec
339,Trying to Setup Monaco Editor with Next.js - Day 14,2018-12-15,8093,85,11,Dec
340,Lazy Loading Prismjs Languages - Day 13,2018-12-14,739,7,4,Dec
341,Dataloader and Prismjs - Day 12,2018-12-13,847,11,5,Dec
342,Building Code Review Question Replies - Day 11,2018-12-12,498,12,8,Dec
343,Create Code Review Questions - Day 10,2018-12-11,455,10,4,Dec
344,Coding File Path Breadcrumb Navigation - Day 9,2018-12-10,802,15,6,Dec
345,Am I Going to Make a Beginner GraphQL Series?,2018-12-09,915,37,10,Dec
346,Will you be making videos on Kubernetes?,2018-12-09,1056,20,11,Dec
347,Next.js SSR with 2 Apollo Clients,2018-12-09,3142,21,5,Dec
348,Using GraphQL Code Generator on the Github GraphQL API,2018-12-09,1779,21,11,Dec
349,Working with the GitHub GraphQL API - Day 8,2018-12-09,1885,23,2,Dec
350,Coding File Tree Component - Day 7,2018-12-08,4859,51,3,Dec
351,Fetching Repos from GitHub API - Day 6,2018-12-07,6173,39,4,Dec
352,How to Contribute to Code Ponder's Component Library,2018-12-06,1207,26,6,Dec
353,Using TypeORM to create a User with Unique Username - Day 5,2018-12-06,965,14,3,Dec
354,Setting up GitHub OAuth for Login and Redis Sessions - Day 4,2018-12-05,2662,45,18,Dec
355,My Desk Setup for Coding and Streaming,2018-12-04,3845,84,24,Dec
356,Finishing up Next.js Monorepo Boilerplate - Day 3,2018-12-04,2917,30,10,Dec
357,How GraphQL Fragments Work,2018-12-04,6761,109,4,Dec
358,"Considering Docz, Styleguidist, and Storybook - Day 2",2018-12-03,5040,40,16,Dec
359,Setting up Storybook with Typescript and Styled Components,2018-12-03,4674,53,7,Dec
360,Exposing Fields from Typeorm Entity with TypeGraphQL,2018-12-02,2182,26,6,Dec
361,Monorepo Boilerplate CLI Demo,2018-12-02,2115,10,4,Dec
362,Building a Custom Boilerplate CLI with Inquirer - Day 1,2018-12-02,8401,62,13,Dec
363,Code Ponder Stream Starts Today,2018-12-01,501,20,19,Dec
364,Should I Build a Code Review Editor for Code Ponder?,2018-11-30,660,23,10,Nov
365,A Spec for Code Ponder,2018-11-29,789,26,18,Nov
366,What's Next for Code Ponder?,2018-11-28,1079,60,49,Nov
367,Live Coding More Deployment Bugs - Part 13 of Code Ponder,2018-11-27,519,10,5,Nov
368,Live Coding Deployment - Part 12 of Code Ponder,2018-11-27,484,5,0,Nov
369,Live Coding Landing Page - Part 11 of Code Ponder,2018-11-27,529,5,2,Nov
370,Live Coding TypeORM Join Table - Part 9 of Code Ponder,2018-11-27,1774,19,0,Nov
371,Live Coding Working Deployment (17 hours in) - Part 14 of Code Ponder,2018-11-27,1116,9,0,Nov
372,Live Coding Approving Offers - Part 10 of Code Ponder,2018-11-27,297,4,0,Nov
373,Live Coding Username in Navbar - Part 8 of Code Ponder,2018-11-26,609,5,10,Nov
374,Live Coding Semantic UI Card Grid - Part 7 of Code Ponder,2018-11-25,1621,23,4,Nov
375,Live Coding Code Review Form - Part 6 of Code Ponder,2018-11-24,490,11,4,Nov
376,Live Coding Create Code Request - Part 5 of Code Ponder,2018-11-24,602,11,0,Nov
377,Live Coding Register Form - Part 4 of Code Ponder,2018-11-23,977,15,2,Nov
378,Live Coding Next.js Typescript Setup - Part 3 of Code Ponder,2018-11-22,1879,40,6,Nov
379,What I Learned Attempting to Code a Startup in 24 hours,2018-11-21,6784,214,72,Nov
380,Live Coding Login - Part 2 of Code Ponder,2018-11-21,1219,17,6,Nov
381,Live Coding Register a User - Part 1 of Code Ponder,2018-11-20,1994,45,9,Nov
382,Live Coding the GraphQL Server - Part 0 of Code Ponder,2018-11-19,6934,104,32,Nov
383,Coding a Startup in 24 hours *LIVE NOW*,2018-11-17,3126,108,12,Nov
384,How to test React and Apollo code with MockedProvider,2018-11-16,4004,54,9,Nov
385,How I test my GraphQL Resolvers,2018-11-15,15154,211,49,Nov
386,Evaluating Hasura,2018-11-14,16849,264,71,Nov
387,Checking out PostGraphile,2018-11-13,8301,149,45,Nov
388,AWS AppSync Alternatives,2018-11-12,3999,60,28,Nov
389,My Thoughts on Custom Resolvers in AppSync - Part 6,2018-11-11,6117,75,56,Nov
390,AppSync Authentication with Cognito User Pools - Part 5,2018-11-10,6106,55,24,Nov
391,GraphQL Subscriptions with Apollo and AppSync - Part 4,2018-11-09,3847,59,6,Nov
392,Apollo Optimistic UI with AppSync - Part 3,2018-11-08,2680,42,16,Nov
393,Querying AppSync and using CSS Grid - Part 2,2018-11-07,2228,43,18,Nov
394,GraphQL Mutation with Apollo and AppSync Client - Part 1,2018-11-06,5637,59,28,Nov
395,I'll be at GraphQL Summit this week,2018-11-05,752,36,23,Nov
396,AWS AppSync Setup with Amplify - Part 0,2018-11-04,6331,107,22,Nov
397,AWS AppSync Series Introduction,2018-11-03,6871,131,34,Nov
398,New VSCode Extension to Refactor React Code,2018-11-02,5723,204,19,Nov
399,React Hooks useContext,2018-11-01,19247,251,62,Nov
400,Using Immer with Reducers and React Hooks,2018-10-31,18184,502,51,Oct
401,Using React Hooks vs. Class Components,2018-10-30,22329,258,40,Oct
402,Are React Hooks Slower than Class Components?,2018-10-29,20101,383,106,Oct
403,Fetching Data from an API with React Hooks useEffect,2018-10-28,94482,1964,129,Oct
404,Building a Todo List with React Hooks useState,2018-10-27,38081,700,70,Oct
405,My Thoughts on React Hooks,2018-10-26,27121,503,85,Oct
406,Generating Typescript Types for GraphQL Resolvers with graphqlgen,2018-10-25,7197,136,31,Oct
407,Docker Compose Tutorial with PostgreSQL and Node.js,2018-10-24,58785,1031,48,Oct
408,Docker PostgreSQL Tutorial with Persistent Data,2018-10-23,33591,528,34,Oct
409,Docker Multi-Stage Build Tutorial with Typescript,2018-10-22,11637,207,15,Oct
410,Docker Build Typescript Node.js Server,2018-10-21,17699,441,24,Oct
411,Argon2 Password Hashing Node.js | BCrypt Alternative,2018-10-20,5316,106,23,Oct
412,AWS Cognito Authentication Component,2018-10-19,3206,55,20,Oct
413,AWS AppSync with Apollo GraphQL,2018-10-18,6241,105,33,Oct
414,AWS AppSync Tutorial with React,2018-10-17,20796,256,49,Oct
415,Elasticsearch Autocomplete Demo,2018-10-16,22953,363,58,Oct
416,Building a Better Grocery List | The Saffron Podcast Ep 8,2018-10-15,819,13,2,Oct
417,JWT vs Cookies for Authentication,2018-10-14,57648,1340,73,Oct
418,Why I no Longer use Redux with React,2018-10-13,196984,3664,376,Oct
419,Apollo Rest DataSource,2018-10-12,6984,154,32,Oct
420,Stripe GraphQL Series Conclusion,2018-10-11,1759,35,38,Oct
421,Styled Components Typescript React Example - Part 8,2018-10-10,14405,169,18,Oct
422,Stripe Cancel Subscription - Part 7,2018-10-09,3982,52,10,Oct
423,React Native App | The Saffron Podcast Ep 7,2018-10-08,906,16,7,Oct
424,Update Credit Card Stripe - Part 6,2018-10-08,4451,36,12,Oct
425,Navbar with React Router and Apollo - Part 5,2018-10-07,2489,42,20,Oct
426,Displaying Different Data for Paid Users in React - Part 4,2018-10-06,2848,59,1,Oct
427,Creating a Customer in Stripe with React and GraphQL - Part 3,2018-10-05,9136,127,44,Oct
428,Register and Login Page in React with GraphQL - Part 2,2018-10-04,12702,162,39,Oct
429,Typescript GraphQL Server from Scratch with Authentication - Part 1,2018-10-03,21936,324,62,Oct
430,How Stripe works in a Fullstack Project - Part 0,2018-10-02,8792,183,16,Oct
431,Stripe GraphQL Series Introduction,2018-10-01,11840,192,41,Oct
432,Why I'm not using Server-Side Rendering (SSR),2018-09-30,6967,134,75,Sep
433,How I Deploy my Code,2018-09-29,9933,295,29,Sep
434,Tech Stack used to Develop my Side Project,2018-09-28,28358,872,122,Sep
435,Practical React Conclusion,2018-09-27,4832,214,52,Sep
436,Deploying Create React App to Surge and Netlify - Part 16,2018-09-26,10096,257,21,Sep
437,Coding a Todo List in React.js - Part 15,2018-09-25,58433,778,91,Sep
438,Saffron is Live! | The Saffron Podcast Ep 6,2018-09-24,521,15,7,Sep
439,Lifting State Up React.js - Part 14,2018-09-24,28287,664,45,Sep
440,Rendering Arrays in React.js - Part 13,2018-09-23,61735,827,53,Sep
441,Fetch Data from an API in React.js - Part 12,2018-09-22,253756,3444,231,Sep
442,Form Validation in React.js - Part 11,2018-09-21,147133,1597,85,Sep
443,Optimizing a React.js Form - Part 10,2018-09-20,15807,339,30,Sep
444,Form Components in React.js - Part 9,2018-09-19,30660,488,26,Sep
445,Component Lifecycle in React.js - Part 8,2018-09-18,14823,262,13,Sep
446,Designing a Landing Page | The Saffron Podcast Ep 5,2018-09-17,800,15,5,Sep
447,How to Conditionally Render Components in React.js - Part 7,2018-09-17,51539,690,37,Sep
448,How setState works in React.js - Part 6,2018-09-16,43557,610,44,Sep
449,State in React.js - Part 5,2018-09-15,24237,478,42,Sep
450,Importing Components in React.js - Part 4,2018-09-14,48340,626,31,Sep
451,Passing Data to Components in React.js - Part 3,2018-09-13,65625,906,46,Sep
452,How to Create React.js Components - Part 2,2018-09-12,41532,578,32,Sep
453,How to Install React.js on your Computer - Part 1,2018-09-11,123897,1272,83,Sep
454,Pricing | The Saffron Podcast Ep 4,2018-09-10,696,16,10,Sep
455,React.js Beginner Series Introduction,2018-09-10,55754,701,30,Sep
456,How to Handle Dates in GraphQL,2018-09-09,15139,124,18,Sep
457,How to run the Airbnb Clone on your Computer,2018-09-08,15443,78,15,Sep
458,Upgrading Airbnb Clone to Typescript 3,2018-09-07,4594,20,8,Sep
459,Airbnb Clone Conclusion | What's Next?,2018-09-06,10359,86,62,Sep
460,React Native Tab Bar - Part 78,2018-09-05,12426,65,2,Sep
461,React Native Pagination with Apollo - Part 77,2018-09-04,4839,33,21,Sep
462,Refactoring the UI | The Saffron Podcast Ep 3,2018-09-03,904,18,7,Sep
463,Rendering Cards using React Native FlatList - Part 76,2018-09-03,6174,28,4,Sep
464,Search Query in React Native - Part 75,2018-09-02,2378,23,2,Sep
465,Typeorm GraphQL Search Query - Part 74,2018-09-01,5957,70,8,Sep
466,Adding Mock Data to PostgreSQL -  Part 73,2018-08-31,2407,30,0,Aug
467,Fixing Netlify Build Failures - Part 72,2018-08-30,3163,18,21,Aug
468,Updating the Cache after a Listing is Updated - Part 71,2018-08-29,1449,27,8,Aug
469,How much faster is the Redis Query vs the PostgreSQL Query - Part 70,2018-08-28,18229,226,17,Aug
470,Deciding on a MVP | The Saffron Podcast Ep 2,2018-08-27,1170,26,3,Aug
471,Cache GraphQL Resolver with Redis - Part 69,2018-08-27,8586,118,30,Aug
472,Finish Update Listing Form and Mutation - Part 68,2018-08-26,1617,22,23,Aug
473,Update Listing Form - Part 67,2018-08-25,1915,17,2,Aug
474,Update Listing Mutation - Part 66,2018-08-24,1090,16,1,Aug
475,Introduction to Saffron | The Saffron Podcast Ep 1,2018-08-23,4969,119,40,Aug
476,Deploy to Heroku with GitHub Integration - Part 65,2018-08-23,6620,48,34,Aug
477,Netlify Continuous Deployment with Yarn Workspaces - Part 64,2018-08-22,4027,36,14,Aug
478,React Google Maps - Part 63,2018-08-21,22700,199,24,Aug
479,React Geosuggest - Part 62,2018-08-20,4197,62,20,Aug
480,Trying Load testing on Airbnb Clone with Locust,2018-08-19,7115,157,33,Aug
481,My Development Environment,2018-08-18,41726,933,45,Aug
482,The Cost of Serverless,2018-08-17,9975,242,33,Aug
483,How I would Scale My Backend Infrastructure,2018-08-16,3135,93,11,Aug
484,My Deployment Tech Stack,2018-08-15,5233,177,40,Aug
485,Taking Feature Requests for Airbnb Clone | Come Vote!,2018-08-14,645,24,56,Aug
486,Real Time Messages with React Apollo Subscriptions - Part 61,2018-08-13,2499,35,21,Aug
487,Create Messages with React Apollo Mutation Component - Part 60,2018-08-12,1741,14,2,Aug
488,Fetch Messages with React Apollo Query Component - Part 59,2018-08-11,1536,22,3,Aug
489,Refactoring to use React Apollo Query Component - Part 58,2018-08-10,1063,22,14,Aug
490,Dynamic React Router Pages with GraphQL - Part 57,2018-08-09,1902,29,2,Aug
491,GraphQL Subscriptions in React with Apollo - Part 56,2018-08-08,4367,38,9,Aug
492,Filtering GraphQL Subscriptions - Part 55,2018-08-07,4567,49,19,Aug
493,GraphQL Subscriptions with GraphQL Yoga - Part 54,2018-08-06,4799,56,15,Aug
494,Create and View Messages in GraphQL - Part 53,2018-08-05,1445,29,8,Aug
495,Displaying Cards from React Native Elements  - Part 52,2018-08-04,6980,46,11,Aug
496,GraphQL Image Uploads in React Native - Part 51,2018-08-03,3192,43,34,Aug
497,Checkbox Group Form Field React Native - Part 50,2018-08-02,8716,58,7,Aug
498,Create Listing Form in React Native - Part 49,2018-08-01,1168,13,6,Aug
499,Cookies in React Native - Part 48,2018-07-31,7396,53,8,Jul
500,Logout in React with GraphQL - Part 47,2018-07-30,1777,28,10,Jul
501,Clearing Apollo Cache after Login - Part 46,2018-07-29,3838,42,8,Jul
502,Batching and Caching GraphQL Requests with DataLoader - Part 45,2018-07-28,16625,267,54,Jul
503,Fetching the User for each Listing - Part 44,2018-07-27,1355,21,13,Jul
504,Serve Images using Express - Part 43,2018-07-26,5253,59,17,Jul
505,Show Listings using Ant Design Cards - Part 42,2018-07-25,5974,43,7,Jul
506,Uploading an Image in React with GraphQL - Part 41,2018-07-24,12494,86,23,Jul
507,File Upload GraphQL Yoga - Part 40,2018-07-23,6662,66,25,Jul
508,Redirect Correctly after Login - Part 39,2018-07-22,20228,157,18,Jul
509,Create Listing GraphQL Higher Order Component - Part 38,2018-07-21,1709,32,15,Jul
510,Custom Formik Fields and Fix Typescript Imports - Part 37,2018-07-20,5924,60,15,Jul
511,Multi Step Form in React with Formik - Part 36,2018-07-19,30356,177,25,Jul
512,AuthRoute Questions - Part 35,2018-07-18,1053,20,11,Jul
513,React Router Authorization - Part 34,2018-07-17,9748,89,34,Jul
514,GraphQL Middleware - Part 33,2018-07-16,2577,43,13,Jul
515,GraphQL Resolver Authorization - Part 32,2018-07-15,3530,46,7,Jul
516,Create Listing Resolver - Part 31,2018-07-14,2064,28,12,Jul
517,How to do Database Migrations with TypeORM - Part 30,2018-07-13,9835,116,14,Jul
518,Adding a Listing Database Table - Part 29,2018-07-12,1894,25,26,Jul
519,Fixing Change Password - Part 28,2018-07-11,895,19,20,Jul
520,Generic React Text Component for Confirmation Pages - Part 27,2018-07-10,1400,23,20,Jul
521,Change Password - Part 26,2018-07-09,1587,31,3,Jul
522,Forgot Password Controller - Part 25,2018-07-08,1819,20,12,Jul
523,Forgot Password Form - Part 24,2018-07-07,3432,38,3,Jul
524,Sending Test Emails with Nodemailer - Part 23,2018-07-06,5050,65,9,Jul
525,How to deploy Prisma to Heroku,2018-07-05,4157,62,30,Jul
526,Saving Session Id in React Native with Secure Storage  - Part 22,2018-07-05,8526,63,17,Jul
527,React Native Login Screen - Part 21,2018-07-04,2712,19,3,Jul
528,React Login Page - Part 20,2018-07-03,7069,58,12,Jul
529,Generating Typescript Types with Apollo CLI - Part 19,2018-07-02,3686,52,28,Jul
530,Styling React Native Register Form - Part 18,2018-07-01,2965,36,19,Jul
531,How to use Formik with React Native - Part 17,2018-06-30,5934,46,8,Jun
532,Adding GraphQL and Routing to React Native - Part 16,2018-06-29,3096,34,19,Jun
533,Setting up React Native with Expo - Part 15,2018-06-28,10117,65,30,Jun
534,Deploying a React App with Netlify - Part 14,2018-06-27,10920,105,49,Jun
535,Deploying a Typescript Server to Heroku with Docker - Part 13,2018-06-26,9129,100,42,Jun
536,Automating Dokku Deployment and Lerna - Part 12,2018-06-25,4361,68,13,Jun
537,Deploying a Typescript Server to Digital Ocean with Dokku - Part 11,2018-06-24,16296,227,37,Jun
538,How to put a Yarn Workspace in a Docker Image - Part 10,2018-06-23,9514,129,49,Jun
539,Generating Typescript Types with Apollo Codegen - Part 9,2018-06-22,8555,76,32,Jun
540,Calling the Register Mutation - Part 8,2018-06-21,4338,69,63,Jun
541,Adding a Controller Package to share code between React and React Native - Part 7,2018-06-20,5748,73,52,Jun
542,Simplifying a React form with the Formik Field Component - Part 6,2018-06-19,9433,95,17,Jun
543,Sharing Validation code between the React Web App and GraphQL Server - Part 5,2018-06-18,6356,98,34,Jun
544,Form Validation in Formik with Yup - Part 4,2018-06-17,20904,174,17,Jun
545,Coding React Form with Formik and Ant Design - Part 3,2018-06-16,38962,326,40,Jun
546,Adding React Apollo and React Router - Part 2,2018-06-15,12883,121,28,Jun
547,"Setting up the Yarn Workspace, Server, and Website - Part 1",2018-06-14,24988,235,135,Jun
548,Tips to be successful in this series - Part 0,2018-06-13,24768,319,34,Jun
549,"Fullstack Airbnb Clone with GraphQL, React, and React Native",2018-06-12,92338,1057,165,Jun
550,I made a GraphQL Middleware Library,2018-06-11,1118,44,16,Jun
551,Yarn workspace with Typescript React Native app,2018-06-10,3453,39,11,Jun
552,How to setup a Yarn workspace with Typescript,2018-06-09,16235,293,36,Jun
553,How to setup a Typescript React Native App,2018-06-08,9183,93,15,Jun
554,Yarn workspace with React and React Native,2018-06-07,16473,157,23,Jun
555,Yarn Workspaces Tutorial,2018-06-06,42238,993,77,Jun
556,I'm looking for app ideas to code,2018-06-05,2618,63,142,Jun
557,Removing the Race Conditions from the Tests - Part 30,2018-06-04,1690,25,20,Jun
558,How to use Apollo Rendered Props with Typescript,2018-06-03,2390,47,23,Jun
559,Merging a Modular GraphQL Schema - Part 29,2018-06-02,3678,62,35,Jun
560,Recommended Chrome Extensions for React.js Developers,2018-06-01,3720,80,23,Jun
561,What I learned as a Computer Science Student,2018-05-30,63354,1917,127,May
562,Prisma and Heroku,2018-05-30,1247,23,12,May
563,1 to 1 Associations in Prisma,2018-05-29,1663,49,29,May
564,Getting the Jest tests to run in Parallel - Part 28,2018-05-28,2527,42,21,May
565,My Patreon is Live!,2018-05-27,336,15,1,May
566,How to Deploy Prisma to Digital Ocean Server,2018-05-26,3406,102,31,May
567,How to use SQL with Prisma,2018-05-25,2999,52,12,May
568,How to use Prisma with an existing PostgreSQL Database,2018-05-24,3762,40,10,May
569,How to use a Local PostgreSQL Database with Prisma,2018-05-23,8868,123,34,May
570,GraphQL Typescript Server Conclusion,2018-05-22,1396,52,18,May
571,OAuth Demo with React - Part 27,2018-05-21,4936,60,8,May
572,Twitter OAuth - Part 26,2018-05-20,7518,115,20,May
573,Rate Limiting - Part 25,2018-05-19,5086,83,20,May
574,GraphQL Forgot Password Implementation - Part 24,2018-05-18,2445,42,12,May
575,Lock User Account GraphQL - Part 23,2018-05-17,1015,35,7,May
576,Forgot Password Test Case - Part 22,2018-05-16,2580,36,9,May
577,Logout of Multiple Sessions - Part 21,2018-05-15,1258,46,29,May
578,Building a GraphQL Server Test Client - Part 20,2018-05-14,1349,48,14,May
579,Simple Logout with GraphQL - Part 19,2018-05-13,1879,36,8,May
580,Logging or Authentication GraphQL Middleware - Part 18,2018-05-12,2831,44,14,May
581,Running Jest Tests Sequentially - Part 17,2018-05-11,2580,40,18,May
582,GraphQL Middleware - Part 16,2018-05-10,3502,67,65,May
583,Express Session for Login - Part 15,2018-05-09,10366,120,42,May
584,GraphQL Login Mutation - Part 14,2018-05-08,3534,59,23,May
585,Send Confirmation Email with SparkPost - Part 13,2018-05-07,2512,67,43,May
586,Fixing Connection Error - Part 12,2018-05-06,2022,54,30,May
587,Testing Redis Email Link - Part 11,2018-05-05,2529,48,33,May
588,Jest Global Setup - Part 10,2018-05-04,5791,79,50,May
589,Email Confirmation Link with Redis - Part 9,2018-05-03,4390,94,34,May
590,GraphQL Validating Input - Part 8,2018-05-02,6541,102,28,May
591,Handling Errors in GraphQL - Part 7,2018-05-01,6119,108,13,May
592,GraphQL Schema Stitching - Part 6,2018-04-30,8760,122,43,Apr
593,Getting GraphQL Yoga and Jest to work together - Part 5,2018-04-29,6609,88,31,Apr
594,Setting up a Test Database with TypeORM - Part 4,2018-04-28,14557,179,39,Apr
595,Setting up Jest - Part 3,2018-04-27,15339,190,52,Apr
596,Creating a User into with TypeORM - Part 2,2018-04-26,11478,157,47,Apr
597,Creating a TypeORM Entity - Part 1,2018-04-25,23098,262,65,Apr
598,Setting up a TypeORM Project - Part 0,2018-04-24,32924,348,95,Apr
599,GraphQL Typescript Server Boilerplate  - Introduction,2018-04-23,27490,325,51,Apr
600,Jest snapshot testing with Storybook,2018-04-22,6289,52,8,Apr
601,React Router Native - Passing Data,2018-04-21,7215,76,29,Apr
602,React Router Native Tutorial,2018-04-20,13944,277,39,Apr
603,Using Typescript in React,2018-04-19,54679,753,84,Apr
604,Typescript tsconfig tutorial,2018-04-18,14919,312,17,Apr
605,Typescript Basics,2018-04-17,24600,675,28,Apr
606,Upload Files to a GraphQL Server using Apollo Upload,2018-04-16,18344,192,54,Apr
607,My TSLint Configuration,2018-04-15,8177,100,18,Apr
608,GraphQL PHP Server,2018-04-14,19675,159,37,Apr
609,CodeSandbox Tutorial,2018-04-14,34004,267,27,Apr
610,Why I like Typescript,2018-04-13,3323,105,34,Apr
611,Apollo Boost not setting Cookie,2018-04-11,2157,23,14,Apr
612,Couldn't get cookies working with Slack clone,2018-04-10,583,15,8,Apr
613,How to use Cookies and Sessions in Prisma instead of JWT tokens,2018-04-09,2500,64,58,Apr
614,How to use Express Session with a GraphQL Server,2018-04-08,4925,94,26,Apr
615,How to handle cookies in GraphQL,2018-04-07,4166,48,16,Apr
616,How to set cookies with GraphQL,2018-04-06,17090,141,18,Apr
617,Apollo Loading screen with Query Component,2018-04-05,1859,28,7,Apr
618,Loading screens with Apollo and Recompose,2018-04-04,911,34,21,Apr
619,React 16.3 Context API,2018-04-03,2546,87,50,Apr
620,Redux Form Field Array and Material UI Table Example,2018-04-02,10999,110,23,Apr
621,Typeorm Migrations,2018-04-01,24321,325,40,Apr
622,React 16.3 Forward Refs,2018-03-31,11404,235,40,Mar
623,How to Logout users with React Apollo and GraphQL,2018-03-30,2906,50,48,Mar
624,React Apollo Subscription Component,2018-03-29,7522,98,38,Mar
625,React Apollo New Rendered Props Components,2018-03-28,4082,46,19,Mar
626,Fetching data from an API in GraphQL,2018-03-27,41832,478,55,Mar
627,GraphQL Resolvers,2018-03-26,5635,106,12,Mar
628,What is GraphQL,2018-03-22,2845,149,24,Mar
629,"Setting up Storybook with React, TypeScript and Emotion",2018-03-21,9731,103,23,Mar
630,Invalidating sessions across multiple devices,2018-03-20,893,21,20,Mar
631,Traefik a Reverse Proxy alternative to Nginx,2018-03-19,26221,229,37,Mar
632,Using a Dashboard for Docker instead of the CLI,2018-03-18,3106,54,7,Mar
633,Typescript Types for GraphQL Resolvers,2018-03-17,2231,34,12,Mar
634,Backblaze vs S3,2018-03-16,2266,45,38,Mar
635,How to use Apollo Codegen with React,2018-03-15,3251,40,20,Mar
636,Apollo Codegen,2018-03-14,2405,33,9,Mar
637,Where to store JWT tokens and Session Ids on React Native,2018-03-13,12480,96,8,Mar
638,How Sessions work in Web Servers,2018-03-12,43989,607,32,Mar
639,How to get Create React App to work with Typescript and Emotion,2018-03-11,2512,41,10,Mar
640,Testing npm modules locally,2018-03-10,6770,76,6,Mar
641,Updating Picache to Cache Local Images in React Native,2018-03-09,823,14,5,Mar
642,Why I stopped using LocalStorage,2018-03-08,5331,126,40,Mar
643,Many to Many Entities in Typeorm,2018-03-07,9406,123,34,Mar
644,One to One Relations in Typeorm,2018-03-06,14782,126,11,Mar
645,CRUD in Typeorm,2018-03-05,14022,120,25,Mar
646,How to setup Typeorm,2018-03-04,19855,227,27,Mar
647,Setting up Typescript GraphQL server,2018-03-03,7461,77,22,Mar
648,How to create a Typescript npm module,2018-03-02,12375,117,14,Mar
649,Caching Images in React Native using Typescript,2018-03-01,1796,17,16,Mar
650,Caching Images in React Native,2018-02-28,23842,354,45,Feb
651,Code Splitting in React,2018-02-27,8065,178,21,Feb
652,Apollo Link State Example (with Apollo Boost),2018-02-26,4610,63,19,Feb
653,Apollo Boost,2018-02-25,1612,40,8,Feb
654,Urql - a new GraphQL Client,2018-02-24,3930,81,13,Feb
655,React Fragments,2018-02-23,637,49,7,Feb
656,Prisma Series Conclusion,2018-02-22,4133,51,23,Feb
657,Deploying Prisma - Part 22,2018-02-21,4026,20,3,Feb
658,GraphQL Subscriptions with Prisma - Part 21,2018-02-20,3245,29,12,Feb
659,Fixing Pagination - Part 20,2018-02-19,1499,17,7,Feb
660,Infinite Scroll Products List - Part 19,2018-02-18,1904,21,4,Feb
661,Search and Sorting Products - Part 18,2018-02-17,1223,19,7,Feb
662,Adding Permissions to Update Products - Part 17,2018-02-16,748,10,10,Feb
663,Updating Products - Part 16,2018-02-15,851,15,15,Feb
664,Deleting Products - Part 15,2018-02-14,948,16,14,Feb
665,Using AsyncStorage instead of Redux - Part 14,2018-02-13,3066,28,11,Feb
666,Trying to use Apollo Link State instead of Redux - Part 13,2018-02-12,4498,40,13,Feb
667,Conditionally Rendering Buttons and Securing GraphQL Queries - Part 12,2018-02-11,860,8,9,Feb
668,Updating Apollo Cache and Setting up Redux - Part 11,2018-02-10,1832,16,19,Feb
669,Serving Static Files with GraphQL Yoga - Part 10,2018-02-09,3018,33,22,Feb
670,Fetching Products and Rendering them using FlatList - Part 9,2018-02-08,2358,30,16,Feb
671,Passing JWT Token in Header on GraphQL Requests - Part 8,2018-02-07,6544,52,10,Feb
672,Uploading an Image in React Native to a GraphQL server - Part 7,2018-02-06,5636,53,20,Feb
673,React Native Image Picker - Part 6,2018-02-05,13398,78,27,Feb
674,Refreshing JWT Token - Part 5,2018-02-04,7567,57,27,Feb
675,Building Login Screen - Part 4,2018-02-03,2403,40,21,Feb
676,Handling Errors on Sign up Screen - Part 3,2018-02-02,2385,32,15,Feb
677,Building Sign Up Screen - Part 2,2018-02-01,5080,55,61,Feb
678,Setting up React Native and looking into Prisma's Docker container - Part 1,2018-01-31,10827,100,39,Jan
679,Setting up a Prisma GraphQL Server - Part 0,2018-01-30,23249,217,74,Jan
680,React Native and Prisma GraphQL eCommerce Project - Introduction,2018-01-29,24785,209,54,Jan
681,Prisma and React,2018-01-28,2783,39,3,Jan
682,Getting a better understanding of Prisma,2018-01-27,4593,52,22,Jan
683,Trying out Prisma GraphQL,2018-01-26,12789,112,51,Jan
684,My thoughts on PostGraphQL,2018-01-24,1902,43,19,Jan
685,React Pure Component,2018-01-24,3601,178,20,Jan
686,Javascript: Async and Await,2018-01-23,2816,98,19,Jan
687,ES6 tutorial,2018-01-22,3500,105,16,Jan
688,Easy React Performance Trick,2018-01-21,7284,142,20,Jan
689,How I got started Programming,2018-01-20,2836,124,30,Jan
690,React and Parcel Bundler,2018-01-19,2497,68,10,Jan
691,React and Webpack 3,2018-01-18,1736,29,23,Jan
692,Why do I have so many boxes and how long have I been programming?,2018-01-17,2168,87,22,Jan
693,How to use a Reverse Polish Notation Calculator,2018-01-16,6455,43,2,Jan
694,Stack Calculator Conclusion (available on Google Play Store),2018-01-15,1048,13,0,Jan
695,Disable Landscape mode in React Native,2018-01-14,4707,28,5,Jan
696,How to Deploy a React Native app to the Google Play or Apple Store,2018-01-13,41956,340,20,Jan
697,How to Deploy a React Native app to the Expo Store,2018-01-12,5466,50,14,Jan
698,How to do Animations in React Native,2018-01-11,6892,68,18,Jan
699,Testing new webcam and AMA?,2018-01-10,915,22,15,Jan
700,Taking Feature Suggestions for Stack Calculator,2018-01-09,431,14,2,Jan
701,Answering Beginner React.js Questions,2018-01-08,828,31,4,Jan
702,Clearing the Redux Store,2018-01-07,2542,21,3,Jan
703,Implementing Calculator Operations using Redux,2018-01-06,2290,27,4,Jan
704,Changing our Default Redux State,2018-01-05,701,18,5,Jan
705,Setting up Redux,2018-01-04,1657,39,4,Jan
706,How to build a layout in React Native,2018-01-03,4365,49,35,Jan
707,How to Speed Up iOS Emulator for React Native Apps,2018-01-02,6511,47,6,Jan
708,Installing Eslint for React Native,2018-01-01,7704,86,19,Jan
709,Running Create React Native App on Your Phone,2017-12-31,15113,56,16,Dec
710,Adding Search to a React Material UI Table,2017-12-30,29958,261,39,Dec
711,How to Install React Native,2017-12-30,7023,58,19,Dec
712,Stack Calculator - Beginner React Native Project Series,2017-12-29,6614,83,12,Dec
713,Slack Clone Conclusion,2017-12-28,10693,121,37,Dec
714,HTTPS Update,2017-12-27,2589,20,0,Dec
715,Tried to setup HTTPS with Let's Encrypt,2017-12-25,2093,18,2,Dec
716,Automating Docker Deployments with Watchtower,2017-12-24,1889,32,18,Dec
717,More Batching/Caching on The Server with DataLoader,2017-12-23,1344,16,5,Dec
718,Deploying Slack Clone to AWS,2017-12-22,3108,33,15,Dec
719,Deploying Create React App to Surge,2017-12-21,2173,30,9,Dec
720,Deploying to Vultr,2017-12-20,4485,38,10,Dec
721,Sharing Docker Images,2017-12-19,1880,19,6,Dec
722,Serving Static Files with Nginx,2017-12-18,4033,39,4,Dec
723,Nginx Docker,2017-12-17,3655,42,13,Dec
724,Populating PostgreSQL Database in Docker,2017-12-16,2817,37,0,Dec
725,How to Persist PostgreSQL Data in Docker,2017-12-15,7433,83,6,Dec
726,"Docker Compose Node.js, Redis, and PostgreSQL",2017-12-14,18901,288,33,Dec
727,Starting to Setup Docker,2017-12-13,2418,42,7,Dec
728,Babel Build,2017-12-12,1576,33,5,Dec
729,Docker Express.js,2017-12-11,7311,166,18,Dec
730,Fixing Authentication for GraphQL Subscriptions,2017-12-10,1344,22,13,Dec
731,Feature: GraphQL Caching with DataLoader,2017-12-09,2210,27,3,Dec
732,Feature: Infinite Scroll in React,2017-12-08,14664,134,25,Dec
733,Feature: Cursor Pagination with GraphQL,2017-12-07,11335,113,12,Dec
734,Feature: Offset Pagination with GraphQL,2017-12-06,3797,40,4,Dec
735,Feature: GraphQL Subscriptions with Redis PubSub,2017-12-05,4433,74,26,Dec
736,Feature: Group Message part 2,2017-12-04,915,19,8,Dec
737,Feature: Group Message part 1,2017-12-03,994,23,4,Dec
738,Feature: Private Channels part 2,2017-12-02,849,18,5,Dec
739,Feature: Private Channels part 1,2017-12-01,1300,25,3,Dec
740,Feature: File Uploads part 3 - Expressjs Static Files,2017-11-29,1114,31,7,Nov
741,Feature: File Uploads part 2 - Formidable Middleware for Expressjs,2017-11-28,2168,24,8,Nov
742,Cancel Edit in React Material UI Table,2017-11-28,24253,162,12,Nov
743,Feature: File Uploads part 1 - React Dropzone,2017-11-27,11267,91,19,Nov
744,Sorting Columns in React Material UI Table,2017-11-22,23784,211,23,Nov
745,Deleting and Editing rows in React Material UI Table,2017-11-21,50810,436,60,Nov
746,Feature Suggestions for Slack Clone,2017-11-20,1138,28,52,Nov
747,Fixing Bugs in the Frontend,2017-11-19,1188,22,6,Nov
748,Testing a GraphQL Server,2017-11-18,6388,90,35,Nov
749,GraphQL Subscriptions for Direct Messaging,2017-11-17,2095,33,17,Nov
750,Updating Cache after a GraphQL Mutation,2017-11-16,4066,36,6,Nov
751,Listing Users You've Direct Messaged,2017-11-15,1160,28,13,Nov
752,Building a React Autocomplete Component with GraphQL and Downshift,2017-11-14,3065,39,13,Nov
753,Building Resolvers for Direct Messaging,2017-11-13,1258,29,14,Nov
754,Fixing Apollo Client Afterware,2017-11-12,1464,28,9,Nov
755,Sequelize Model for Direct Messaging,2017-11-11,1964,34,6,Nov
756,Trying to Control Access to GraphQL Subscriptions,2017-11-10,1402,28,16,Nov
757,Refactoring a Sequelize Database Model,2017-11-09,1851,32,8,Nov
758,GraphQL Subscriptions Authentication,2017-11-08,2384,41,17,Nov
759,Unsubscribing from GraphQL Subscriptions,2017-11-07,3635,68,28,Nov
760,Real Time Messaging in React with GraphQL Subscriptions,2017-11-06,11598,145,62,Nov
761,GraphQL Subscriptions Setup in React and Express.js,2017-11-05,4230,53,18,Nov
762,Semantic UI React Comment Component,2017-11-04,5815,60,4,Nov
763,Simple React Form with Formik,2017-11-03,8068,68,12,Nov
764,Optimizing Sequelize with Raw Queries,2017-11-02,7668,51,9,Nov
765,Querying a Many to Many Relationship with Sequelize,2017-11-01,11465,68,20,Nov
766,PostgreSQL Transactions with Sequelize,2017-10-31,8575,79,20,Oct
767,Using a PostgreSQL Join Table to Add Users to Teams,2017-10-30,3318,41,20,Oct
768,Sharing Data Across React Components by Lifting A GraphQL Query,2017-10-29,2262,40,21,Oct
769,Updating React Apollo Cache,2017-10-28,4475,51,24,Oct
770,Building an Add Channel Form with Formik,2017-10-27,3986,62,16,Oct
771,Switching Teams with React Router Dynamic Routes,2017-10-26,3201,56,11,Oct
772,Upgrading to Apollo Client 2.0,2017-10-25,3613,55,53,Oct
773,Building Container Component and GraphQL Query,2017-10-24,3363,52,80,Oct
774,Building Slack's Sidebar with Styled Components,2017-10-23,4231,68,1,Oct
775,Adding Props to Sidebar Component,2017-10-22,3795,63,16,Oct
776,Building Slack's Layout with CSS Grid and Styled Components,2017-10-21,7901,83,10,Oct
777,Bad Semantic UI Layout,2017-10-20,3799,37,14,Oct
778,"Protected Routes, Mutations, and Queries with React Router and GraphQL",2017-10-20,5666,81,37,Oct
779,"Sending, Verifying, and Refreshing JWT Tokens in Node.js",2017-10-18,15552,138,63,Oct
780,Refactoring and Handling Invalid Login,2017-10-17,4032,82,27,Oct
781,Login Mutation GraphQL,2017-10-16,10345,134,31,Oct
782,React Login Form with Mobx,2017-10-15,12337,121,44,Oct
783,Handling Register Form Errors in React Using Semantic UI and GraphQL,2017-10-14,8370,106,35,Oct
784,Register Form in React Using Semantic UI and GraphQL,2017-10-13,11553,119,36,Oct
785,Setting Up React with GraphQL,2017-10-12,11106,134,99,Oct
786,Creating GraphQL Schemas and Resolvers using Sequelize,2017-10-11,19695,205,74,Oct
787,PostgreSQL Naming Conventions and GraphQL Schemas,2017-10-10,10538,146,27,Oct
788,Creating PostgreSQL Database Models with Sequelize,2017-10-09,41412,523,119,Oct
789,Setting up GraphQL Server with Node.js,2017-10-08,24140,294,104,Oct
790,Slack Clone Using GraphQL and React - Introduction,2017-10-07,55224,625,79,Oct
791,How to layout a footer in React Native,2017-10-06,9589,49,9,Oct
792,Picking a Cloud Provider: AWS vs GCP vs Azure vs Vultr vs Digital Ocean,2017-10-05,37239,259,94,Oct
793,How to upload an image to S3 using React and GraphQL,2017-10-04,21653,321,103,Oct
794,React Router Native,2017-10-03,5742,51,17,Oct
795,React Native Hackathon Project,2017-10-02,1071,20,17,Oct
796,Handling Errors in GraphQL and React,2017-10-01,5811,64,24,Oct
797,Validation in GraphQL,2017-09-30,3337,37,5,Sep
798,Upload Files in GraphQL Using Apollo Upload,2017-09-29,15319,142,26,Sep
799,How I Use Vim,2017-09-28,9365,219,33,Sep
800,How OAuth Works,2017-09-27,3069,52,8,Sep
801,Unknown Components in React DevTools,2017-09-26,725,14,5,Sep
802,Visual Studio Code Node.js Debugger,2017-09-25,2025,6,18,Sep
803,React Styled Components Tutorial,2017-09-24,54107,1002,64,Sep
804,Sequelize Migration,2017-09-23,25462,353,35,Sep
805,Debugging React with Visual Studio Code,2017-09-22,46188,249,19,Sep
806,Absolute Imports in React,2017-09-21,6338,67,16,Sep
807,React Folder Structure,2017-09-20,6252,85,15,Sep
808,My Updated Development Setup,2017-09-19,1623,19,10,Sep
809,Deploying Create React App with GitHub Pages,2017-09-18,34874,339,37,Sep
810,Different JWT Secret per User,2017-09-17,1369,20,25,Sep
811,Merging OAuth Accounts in Node.js,2017-09-16,425,14,25,Sep
812,Why use a Graph Database?,2017-09-15,1571,26,16,Sep
813,Vim Macros,2017-09-14,2838,82,9,Sep
814,Autocomplete in React using Downshift and GraphQL,2017-09-13,3961,56,14,Sep
815,Why I don't use MongoDB,2017-09-12,29477,314,92,Sep
816,How to Upload Images in GraphQL with React and Cloudinary,2017-09-11,5660,93,32,Sep
817,Confirmation Email with Node.js,2017-09-10,88363,1321,88,Sep
818,How to Send an Email in Node.js,2017-09-09,17015,196,25,Sep
819,How I Would Do Authentication,2017-09-08,654,22,24,Sep
820,Why I Am Using LocalStorage Over Cookies,2017-09-07,2165,35,11,Sep
821,Double Submitted Cookies with React and GraphQL,2017-09-07,1756,25,39,Sep
822,How to Store JWT tokens in Cookies with React and GraphQL,2017-09-06,17479,142,42,Sep
823,Authentication With Refresh Tokens Implementation,2017-09-06,103719,609,99,Sep
824,Different Authentication Methods for Handling JWT Tokens,2017-09-04,761,24,4,Sep
825,Authentication Strategy with Cookies,2017-09-03,747,10,11,Sep
826,Storing JWT tokens localStorage vs. Cookies,2017-09-02,43034,340,60,Sep
827,Build a GraphQL Server with Node.js and Redis,2017-09-01,12859,219,28,Sep
828,Can You Change the Payload of a JWT Token?,2017-08-31,10575,119,24,Aug
829,One Way to Split up a GraphQL Schema,2017-08-30,6822,160,51,Aug
830,Async Mobx,2017-08-30,3817,86,6,Aug
831,Mobx and Create React App,2017-08-29,3686,46,34,Aug
832,Changing My Development Setup,2017-08-28,46786,347,72,Aug
833,Setting Up The Backend for a Poll Web App with Expressjs and GraphQL,2017-08-28,3043,40,3,Aug
834,Don't setState Like This in React,2017-08-27,11576,136,35,Aug
835,Why use Sequelize? - Volume Fixed,2017-08-26,2783,46,1,Aug
836,Why do you need a Database or Server? - Volume Fixed,2017-08-25,634,15,0,Aug
837,How I would structure a fullstack application on AWS - Volume fixed,2017-08-24,1796,38,13,Aug
838,How a fullstack application works - Volume Fixed,2017-08-23,913,31,1,Aug
839,I Figure Out What I Was Doing Wrong With GraphQL Subscriptions,2017-08-22,988,9,0,Aug
840,My Current Tech Stack - Volume Fixed,2017-08-21,1362,24,7,Aug
841,I Get Stuck Setting Up GraphQL Subscriptions,2017-08-21,620,8,6,Aug
842,How I Pick What Programming Language/Framework to Learn,2017-08-20,1159,18,7,Aug
843,I Try to Make an Email Spam Bot,2017-08-20,5640,59,15,Aug
844,Volume is Fixed and I will be Redoing Videos,2017-08-19,161,18,8,Aug
845,Why use Sequelize?,2017-08-18,3780,25,12,Aug
846,How I would structure a fullstack application on AWS,2017-08-17,3434,31,11,Aug
847,How a fullstack application works,2017-08-16,1943,33,5,Aug
848,Why do you need a Database or Server?,2017-08-15,1013,20,11,Aug
849,My Current Tech Stack,2017-08-14,5573,29,23,Aug
850,Reason ML and React - Hello World,2017-08-13,6479,53,31,Aug
851,How to Handle Multiple Sagas in Redux Saga,2017-08-12,15513,214,44,Aug
852,Fetching data from an API using Redux Saga,2017-08-11,79447,565,43,Aug
853,What backend do I use?,2017-08-10,917,23,28,Aug
854,How to add Redux Saga to Create React App,2017-08-10,19127,173,34,Aug
855,React Router Dynamic Pages,2017-08-08,21416,200,18,Aug
856,Material UI Table in React,2017-08-07,56585,303,57,Aug
857,Counting Votes with Subqueries,2017-08-07,350,5,0,Aug
858,GraphQL Pagination with Join Monster,2017-08-06,1111,12,33,Aug
859,GraphQL Join Monster Tutorial,2017-08-05,2928,25,29,Aug
860,Redux Saga and React Router v4,2017-08-04,8192,87,19,Aug
861,React Router v4 Tutorial,2017-08-03,61014,613,77,Aug
862,Environment Variables in Node.js,2017-08-02,21636,222,23,Aug
863,Build a Super Simple GraphQL Server in Flask with Graphene,2017-08-01,19401,207,36,Aug
864,Join Monster - Query Batching for SQL and GraphQL,2017-07-31,2346,28,20,Jul
865,Flexboxgrid with GraphQL,2017-07-31,634,11,2,Jul
866,GraphQL Cursor Pagination in React Native,2017-07-30,2612,29,8,Jul
867,GraphQL Pagination in React Native,2017-07-29,2388,27,16,Jul
868,Simple Pagination in GraphQL with Node.js and Postgresql,2017-07-28,8004,67,33,Jul
869,React Native Infinite Scroll,2017-07-27,19648,215,97,Jul
870,Style React Native List,2017-07-26,14773,90,8,Jul
871,React Native Fetch Data From API and Render FlatList,2017-07-25,59646,433,130,Jul
872,Edit Auction - Silent Auction React Native App Part 35,2017-07-24,873,9,8,Jul
873,"Register, Login, and Join Monster",2017-07-24,1896,17,10,Jul
874,Delete Auction - Silent Auction React Native App Part 34,2017-07-23,397,12,3,Jul
875,Testing React Components,2017-07-22,4567,45,5,Jul
876,React Form Client Side Validation,2017-07-21,55582,483,129,Jul
877,React Material Design Form,2017-07-20,25000,161,14,Jul
878,React and GraphQL on the same server,2017-07-19,1115,20,3,Jul
879,React and Feathersjs on the same server,2017-07-18,986,18,14,Jul
880,My Thoughts On Server-Side Rendering,2017-07-17,1592,41,30,Jul
881,Setting up GraphQL server and Create React App,2017-07-17,6341,53,20,Jul
882,Live Coding on Twitch.tv,2017-07-16,1354,18,9,Jul
883,Airbnb Eslint for React,2017-07-16,25862,314,40,Jul
884,How to code a form in React,2017-07-15,95112,1392,156,Jul
885,React Automatically Refresh Tokens,2017-07-14,52698,291,47,Jul
886,React Client Side Authentication,2017-07-13,88235,697,101,Jul
887,Create React App Login Form,2017-07-12,76575,245,55,Jul
888,Create React App Register Form Tutorial,2017-07-11,40397,211,60,Jul
889,I try to do a Login page in Next.js,2017-07-10,7511,29,13,Jul
890,Next.js Register User,2017-07-09,8176,44,11,Jul
891,LocalStorage Next.js,2017-07-08,10037,79,8,Jul
892,Facebook OAuth Next.js,2017-07-07,5549,35,21,Jul
893,How to store a Facebook OAuth user in PostgreSQL,2017-07-06,3032,45,11,Jul
894,Facebook OAuth GraphQL with Node.js,2017-07-05,9589,119,39,Jul
895,What is ngrok?,2017-07-04,39482,531,31,Jul
896,GraphQL DataLoader with Node.js,2017-07-03,7232,163,40,Jul
897,Refresh Tokens in GraphQL with Node.js,2017-07-02,3854,76,58,Jul
898,GraphQL Permissions with Node.js,2017-07-01,3427,76,37,Jul
899,Nextjs GraphQL Subscriptions,2017-06-30,2938,34,10,Jun
900,GraphQL Subscriptions with ReactQL,2017-06-29,785,15,6,Jun
901,How to setup GraphQL Subscriptions Nodejs,2017-06-28,9042,146,29,Jun
902,What is a GraphQL Subscription?,2017-06-27,3578,57,7,Jun
903,How to Install Javascript Code from GitHub,2017-06-26,18768,143,11,Jun
904,Nextjs GraphQL,2017-06-25,7004,92,27,Jun
905,Installing Nextjs,2017-06-24,6492,50,11,Jun
906,How to do a Persisted Query in GraphQL,2017-06-23,1599,16,17,Jun
907,GraphQL Authentication with Node.js,2017-06-21,24499,430,135,Jun
908,Is Persist GraphQL useful?,2017-06-21,286,2,4,Jun
909,Optimistic UI in React GraphQL Starter Kit,2017-06-20,1416,32,3,Jun
910,Variable Mutations in React GraphQL Starter Kit,2017-06-19,1644,15,0,Jun
911,Mutations in React GraphQL Starter Kit,2017-06-18,789,12,6,Jun
912,Connect Server to React GraphQL Starter Kit,2017-06-17,1047,10,7,Jun
913,Nesting GraphQL,2017-06-16,5806,59,24,Jun
914,I try to do associations in sequelize,2017-06-15,33416,234,37,Jun
915,Build a GraphQL Server with Node.js,2017-06-14,19340,233,43,Jun
916,Visual Studio Code React,2017-06-13,35479,68,22,Jun
917,Installing React GraphQL Starter Kit,2017-06-12,2700,21,7,Jun
918,How to Automatically Restart Node.js Server,2017-06-11,12253,71,14,Jun
919,My Neovim Configuration,2017-06-10,94903,767,64,Jun
920,Silent Auction Architecture,2017-06-09,233,5,2,Jun
921,Fullstack Feathersjs and React Web App Updated - part 31,2017-06-08,2080,11,8,Jun
922,Fullstack Feathersjs and React Web App Updated - part 30,2017-06-07,514,2,0,Jun
923,Fullstack Feathersjs and React Web App Updated - part 29,2017-06-06,222,2,0,Jun
924,Fullstack Feathersjs and React Web App Updated - part 28,2017-06-05,283,4,0,Jun
925,Fullstack Feathersjs and React Web App Updated - part 27,2017-06-04,366,4,0,Jun
926,Fullstack Feathersjs and React Web App Updated - part 26,2017-06-03,426,5,0,Jun
927,Fullstack Feathersjs and React Web App Updated - part 25,2017-06-02,415,6,0,Jun
928,Fullstack Feathersjs and React Web App Updated - part 24,2017-06-01,544,3,0,Jun
929,Fullstack Feathersjs and React Web App Updated - part 23,2017-05-31,360,3,0,May
930,Fullstack Feathersjs and React Web App Updated - part 22,2017-05-30,329,2,0,May
931,Fullstack Feathersjs and React Web App Updated - part 21,2017-05-29,323,4,6,May
932,What am I working on?,2017-05-29,1611,12,4,May
933,Fullstack Feathersjs and React Web App Updated - part 20,2017-05-28,274,1,0,May
934,Fullstack Feathersjs and React Web App Updated - part 19,2017-05-27,282,2,0,May
935,Fullstack Feathersjs and React Web App Updated - part 18,2017-05-26,498,3,4,May
936,Fullstack Feathersjs and React Web App Updated - part 17,2017-05-25,326,4,0,May
937,Fullstack Feathersjs and React Web App Updated - part 16,2017-05-24,293,2,0,May
938,Fullstack Feathersjs and React Web App Updated - part 15,2017-05-23,319,3,0,May
939,Fullstack Feathersjs and React Web App Updated - part 14,2017-05-22,365,2,0,May
940,Fullstack Feathersjs and React Web App Updated - part 13,2017-05-21,448,7,0,May
941,Fullstack Feathersjs and React Web App Updated - part 12,2017-05-20,916,11,6,May
942,Silent Auction React Native App,2017-05-19,9429,80,26,May
943,React Native Tutorial - Silent Auction App Part 33,2017-05-18,297,3,0,May
944,React Native Tutorial - Silent Auction App Part 32,2017-05-17,180,5,2,May
945,React Native Tutorial - Silent Auction App Part 31,2017-05-16,172,3,0,May
946,React Native Tutorial - Silent Auction App Part 30,2017-05-15,165,2,4,May
947,React Native Tutorial - Silent Auction App Part 29,2017-05-14,184,4,4,May
948,React Native Tutorial - Silent Auction App Part 28,2017-05-13,168,4,2,May
949,React Native Tutorial - Silent Auction App Part 27,2017-05-12,149,4,0,May
950,React Native Tutorial - Silent Auction App Part 26,2017-05-11,171,4,2,May
951,React Native Tutorial - Silent Auction App Part 25,2017-05-10,281,5,2,May
952,Deploy React Web App to Vultr,2017-05-10,5561,119,36,May
953,React Native Tutorial - Silent Auction App Part 24,2017-05-09,159,7,0,May
954,React Native Tutorial - Silent Auction App Part 23,2017-05-08,247,4,0,May
955,React Native Tutorial - Silent Auction App Part 22,2017-05-07,147,4,0,May
956,React Native Tutorial - Silent Auction App Part 21,2017-05-06,169,3,0,May
957,React Native Tutorial - Silent Auction App Part 20,2017-05-05,216,5,2,May
958,React Native Tutorial - Silent Auction App Part 19,2017-05-04,171,3,5,May
959,React Native Tutorial - Silent Auction App Part 18,2017-05-03,178,3,0,May
960,React Native Tutorial - Silent Auction App Part 17,2017-05-02,145,5,0,May
961,React Native Tutorial - Silent Auction App Part 16,2017-05-01,213,6,4,May
962,React Native Tutorial - Silent Auction App Part 15,2017-04-30,671,8,0,Apr
963,React Native Tutorial - Silent Auction App Part 14,2017-04-30,173,3,1,Apr
964,Feathersjs Paging,2017-04-30,1608,24,11,Apr
965,React Native Tutorial - Silent Auction App Part 13,2017-04-29,202,4,0,Apr
966,React Native Tutorial - Silent Auction App Part 12,2017-04-28,244,6,18,Apr
967,React Native Tutorial - Silent Auction App Part 11,2017-04-27,998,9,6,Apr
968,React Native Tutorial - Silent Auction App Part 10,2017-04-26,299,4,0,Apr
969,React Native Tutorial - Silent Auction App Part 9,2017-04-25,360,5,0,Apr
970,React Native Tutorial - Silent Auction App Part 8,2017-04-24,452,5,5,Apr
971,React Native Tutorial - Silent Auction App Part 7,2017-04-23,673,8,17,Apr
972,React Native Tutorial - Silent Auction App Part 6,2017-04-22,938,9,10,Apr
973,React Native Tutorial - Silent Auction App Part 5,2017-04-21,744,15,9,Apr
974,React Native Tutorial - Silent Auction App Part 4,2017-04-20,912,11,5,Apr
975,How I got a Software Engineering Internship at Bank of America,2017-04-20,15203,440,52,Apr
976,React Native Tutorial - Silent Auction App Part 3,2017-04-19,790,13,2,Apr
977,React Native Tutorial - Silent Auction App Part 2,2017-04-18,1312,16,13,Apr
978,React Native Tutorial - Silent Auction App Part 1,2017-04-17,3813,37,55,Apr
979,React Native Tutorial - Silent Auction App Part 0,2017-04-16,3494,35,3,Apr
980,React Native Redux Tutorial,2017-04-12,7262,50,3,Apr
981,React Native Navigation,2017-04-12,5715,39,28,Apr
982,React Native Setup,2017-04-12,3684,30,5,Apr
983,Setting up Redux Form and Redux Observable,2017-04-10,927,9,1,Apr
984,Redux Form Submit To Server With Redux Observable,2017-04-10,3695,40,16,Apr
985,Redux Form Submit To Server With Redux Saga,2017-03-30,6354,54,10,Mar
986,Updating My React Template,2017-03-30,536,3,2,Mar
987,Redux Form Submit To Server With Redux Saga - Part 2,2017-03-30,1648,22,12,Mar
988,Redux Form Tutorial,2017-03-30,33224,293,30,Mar
989,Redux Form Submit To Server Using Fetch,2017-03-30,7395,57,6,Mar
990,Feathersjs Many to Many Relationship PostgreSQL,2017-03-30,3494,31,2,Mar
991,Feathersjs 1 to N Relationship with PostgreSQL,2017-03-29,1987,21,23,Mar
992,Feathersjs 1 to 1 Relationship with PostgreSQL,2017-03-29,982,15,0,Mar
993,React Native To Do List App Using GraphQL,2017-03-29,5195,30,1,Mar
994,React Native To Do List App - part 11,2017-03-22,1333,14,2,Mar
995,React Native To Do List App - part 10,2017-03-20,367,2,0,Mar
996,React Native To Do List App - part 9,2017-03-19,321,2,0,Mar
997,React Native To Do List App - part 8,2017-03-19,247,2,0,Mar
998,React Native To Do List App - part 7,2017-03-19,232,3,0,Mar
999,React Native To Do List App - part 6,2017-03-17,285,4,0,Mar
1000,React Native To Do List App - part 5,2017-03-17,322,3,0,Mar
1001,React Native To Do List App - part 4,2017-03-16,347,6,0,Mar
1002,React Native To Do List App - part 3,2017-03-16,520,7,0,Mar
1003,React Native To Do List App - part 2,2017-03-14,772,6,0,Mar
1004,React Native To Do List App - part 1,2017-03-13,4047,20,2,Mar
1005,React Native To Do List App - part 0,2017-03-13,4309,23,7,Mar
1006,I'll build you an app for free,2017-03-09,630,10,36,Mar
1007,Basic React with redux-observable,2017-02-27,19268,171,25,Feb
1008,React GraphQL with Apollo part 7,2017-02-25,590,5,5,Feb
1009,React GraphQL with Apollo part 4,2017-02-25,722,2,1,Feb
1010,React GraphQL with Apollo part 5,2017-02-25,478,5,0,Feb
1011,React GraphQL with Apollo part 8,2017-02-25,487,6,1,Feb
1012,React GraphQL with Apollo part 3,2017-02-25,893,10,1,Feb
1013,React GraphQL with Apollo part 6,2017-02-25,412,2,2,Feb
1014,React GraphQL with Apollo part 1,2017-02-25,4705,36,10,Feb
1015,React GraphQL with Apollo part 2,2017-02-25,1252,10,7,Feb
1016,React GraphQL with Apollo part 0,2017-02-25,4191,27,4,Feb
1017,GraphQL Authentication with Feathersjs,2017-01-08,4614,53,36,Jan
1018,GraphQL setup with Feathersjs,2017-01-04,10451,103,26,Jan
1019,Redux saga tutorial,2017-01-02,37858,189,52,Jan
1020,Finish redux-form and redux-saga web app,2017-01-02,2831,45,7,Jan
1021,Basic redux-form,2017-01-02,27678,145,39,Jan
1022,How to use redux-form and redux-saga,2017-01-02,10445,54,15,Jan
1023,Redux Reducer,2016-12-30,1612,20,6,Dec
1024,Create Layout using React and Semantic UI,2016-12-30,47573,132,21,Dec
1025,Use Feathersjs Client to Call API,2016-12-30,1928,12,0,Dec
1026,Create Sagas with Redux-Saga,2016-12-30,5591,23,3,Dec
1027,Setup Frontend,2016-12-30,2040,17,3,Dec
1028,Setting up Feathersjs Server with PostgreSQL and Socket.IO,2016-12-30,6553,39,8,Dec
1029,Real-time React Todo List Web App with Feathersjs,2016-12-30,10457,82,1,Dec
1030,Basic Real-time Web App using React and Feathersjs,2016-12-29,11415,85,7,Dec
1031,Learn terminal part 13,2016-12-21,742,4,0,Dec
1032,Learn terminal part 12,2016-12-21,451,4,1,Dec
1033,Learn terminal part 11,2016-12-21,428,6,1,Dec
1034,Learn terminal part 10,2016-12-21,465,7,4,Dec
1035,Learn terminal part 8,2016-12-21,414,6,6,Dec
1036,Learn terminal part 7,2016-12-21,500,8,4,Dec
1037,Learn terminal part 6,2016-12-21,480,7,1,Dec
1038,Learn terminal part 5,2016-12-21,541,6,0,Dec
1039,Learn terminal part 4,2016-12-21,638,13,0,Dec
1040,Learn terminal part 3,2016-12-20,782,10,10,Dec
1041,Learn terminal part 2,2016-12-20,990,16,1,Dec
1042,Learn terminal part 1,2016-12-20,2202,33,1,Dec
1043,Why learn terminal or the command line??,2016-12-20,7279,115,61,Dec
1044,Setup Feathersjs with PostgreSQL on Mac,2016-12-20,556,7,3,Dec
1045,Building a Food Android App - part 7,2016-12-18,4004,17,5,Dec
1046,Building a Food Android App - part 6,2016-12-18,2628,8,1,Dec
1047,Building a Food Android App - part 5,2016-12-17,2476,10,0,Dec
1048,Building a Food Android App - part 4,2016-12-17,4755,10,0,Dec
1049,Building a Food Android App - part 3,2016-12-17,4592,17,3,Dec
1050,Building a Food Android App - part 2,2016-12-17,9956,38,4,Dec
1051,Building a Food Android App - part 1,2016-12-16,21972,109,12,Dec
1052,Building a Food Android App,2016-12-16,5485,30,4,Dec
1053,Android Food Tinder App,2016-12-15,749,9,1,Dec
1054,Fullstack Feathersjs and React Web App - part 11,2016-12-02,1352,25,32,Dec
1055,Fullstack Feathersjs and React Web App - part 10,2016-12-02,856,8,2,Dec
1056,Fullstack Feathersjs and React Web App - part 9,2016-12-01,924,11,0,Dec
1057,Fullstack Feathersjs and React Web App - part 8,2016-12-01,1023,11,0,Dec
1058,Fullstack Feathersjs and React Web App - part 7,2016-12-01,1260,12,8,Dec
1059,Fullstack Feathersjs and React Web App - part 6,2016-12-01,1353,10,7,Dec
1060,Fullstack Feathersjs and React Web App - part 5,2016-12-01,1614,16,0,Dec
1061,Fullstack Feathersjs and React Web App - part 4,2016-11-30,2338,15,9,Nov
1062,Fullstack Feathersjs and React Web App - part 2,2016-11-30,10612,60,43,Nov
1063,Fullstack Feathersjs and React Web App - part 3,2016-11-30,2954,17,14,Nov
1064,Fullstack Feathersjs and React Web App - part 1,2016-11-28,19846,118,46,Nov
1065,Fullstack Feathersjs and React Web App - part 0,2016-11-28,5118,41,5,Nov
1066,Gradient Descent Implemented in Python,2016-07-03,29741,223,20,Jul
1067,HOW TO SETUP A LOCAL WORDPRESS WEBSITE,2015-07-20,276,5,3,Jul
1068,Updated LoL Scout - Promo,2015-07-10,572,5,5,Jul
1069,LoL Python Bot,2015-05-08,14355,45,7,May
1070,How to delete a note from the database,2015-05-05,162,4,2,May
1071,Coding an Android To Do List App - Part 3.5,2015-05-03,2335,6,1,May
1072,Coding an Android To Do List App - Part 16,2015-04-26,3081,13,4,Apr
1073,Kotlin Hello World,2015-04-26,349,3,1,Apr
1074,Coding an Android To Do List App - Part 15,2015-04-21,1307,5,0,Apr
1075,Coding an Android To Do List App - Part 14,2015-04-16,769,2,0,Apr
1076,Coding an Android To Do List App - Part 13,2015-04-15,628,2,0,Apr
1077,Coding an Android To Do List App - Part 12,2015-04-15,654,2,0,Apr
1078,Drag and Drog ListView Bug 2,2015-04-15,266,3,0,Apr
1079,Coding an Android To Do List App - Part 11,2015-04-12,892,4,0,Apr
1080,Coding an Android To Do List App - Part 10,2015-04-10,679,2,1,Apr
1081,Coding an Android To Do List App - Part 9,2015-04-09,969,4,1,Apr
1082,Dynamic ListView Bug,2015-04-09,254,3,1,Apr
1083,Coding an Android To Do List App - Part 8,2015-04-08,1131,4,1,Apr
1084,Coding an Android To Do List App - Part 6,2015-04-07,1220,3,0,Apr
1085,Coding an Android To Do List App - Part 7,2015-04-07,917,3,1,Apr
1086,Coding an Android To Do List App - Part 5,2015-04-06,1822,8,2,Apr
1087,Coding an Android To Do List App - Part 4,2015-04-03,1504,10,6,Apr
1088,Coding an Android To Do List App - Part 3,2015-03-29,2895,11,2,Mar
1089,Coding an Android To Do List App - Part 2,2015-03-27,6217,27,5,Mar
1090,Building a To Do List Android App,2015-03-26,32687,132,28,Mar
1091,Stack Calculator - Promo Updated,2015-03-24,354,6,0,Mar
1092,LoL Scout - Promo,2015-03-23,1696,14,7,Mar
1093,Behind The Scenes Look at Stack Calculator,2015-03-17,2788,26,5,Mar
1094,How to use an RPN calculator,2015-03-17,11929,110,35,Mar
1095,Stack Calculator - Promo,2015-03-13,6418,97,22,Mar
